ab#ABC
aad#ADAC
aadpte#Adaptec
aaarmgn#Armagnac
bb#BBC
basi#Basic
cd#CDC
caadill#Cadillac
chira#Chirac
code#Codec
cogna#Cognac
comi#Comic
es#Esc
f#FC
fran#Franc
ir#IRC
isaa#Isaac
languedo#Languedoc
ma#Mac
mar#Marc
ne#NEC
ope#OPEC
p#PC
paannsoi#Panasonic
pontia#Pontiac
queeb#Quebec
rf#RFC
rt#RTC
spar#SPARC
ttiian#Titanic
w#WC
woorkahli#Workaholic
blllaaumeti#blaumetallic
chi#chic
et#etc
iital#italic
mse#msec
nse#nsec
siilllbeermta#silbermetallic
